AA_ABREV,WOLS870101,WOLS870102,WOLS870103,FAUJ880109,GRAR740102,RADA880108,ZIMJ680103,TSAJ990101,CHOP780201,CHOP780202,CHOP780203,ZIMJ680104,NEU1,NEU2,NEU3
-,0,0,0,0,0,0,0,0,0,0,0,0,0,0,0
A,-0.263397976,-0.469162152,0.239952725,0.640788278,1.592227202,0.152679066,-1.653244925,-0.841297507,-1.393283813,-0.076008767,0.36272191,0.570335544,0.004266687,-1.13613712,0.82166488
R,-0.146332209,-0.481269562,-0.869262703,-0.678831367,-0.156672242,-0.165402321,0.554212787,1.231813828,0.915913471,-0.888027887,-0.716291475,-0.730220404,1.056716204,0.887750867,-2.665787344
N,1.297478918,-1.135069722,-0.835307129,-0.892823742,-0.776074128,-1.246879038,1.164786197,0.436317618,-0.449169525,-0.925796218,-0.754827667,-0.980786229,0.914493297,-0.262185489,0.398943398
D,1.336500841,-0.650773307,-1.039040575,-1.047373791,-0.448155482,-0.610716264,1.164786197,1.014860317,-0.747525988,-0.963564549,-0.937874581,-0.646698462,1.298495147,-0.354180398,-0.076618269
C,0.907259695,0.087778725,1.043567985,0.248468924,-1.832700875,-0.610716264,0.554212787,-0.973880209,-0.751613063,1.359187819,0.805888122,-1.398395937,-0.877515341,-1.826098933,-1.239102343
Q,-0.185354131,-1.207714184,-0.280699415,-0.607500576,-0.448155482,-0.165402321,-0.38513092,0.797906805,0.123020953,-0.916354135,-1.188359831,-0.336474108,0.928715587,-0.078195672,0.134742472
E,-0.49752951,-0.638665897,-0.971129426,-0.940377603,0.608471265,-1.246879038,-0.901769959,0.846118696,-0.081332789,-1.227942868,-1.400308889,-1.147830112,1.127827658,-0.446175306,-0.763540676
G,-1.746231026,-1.122962311,-0.541025485,-0.476727458,-0.776074128,-0.610716264,1.164786197,1.412608422,-2.059477011,-0.349829168,-0.13824859,-0.443859461,0.374046247,-1.458119299,0.980185436
H,0.82921585,-0.469162152,-0.744758931,-0.869046812,0.134810999,0.534376731,0.131508119,-1.251098585,0.212936599,0.245022049,0.391624054,-0.551244815,0.132267304,-0.124193126,-1.027741602
I,-1.82427487,1.480130917,0.545552894,0.771561396,0.608471265,1.488620892,-1.653244925,0.424264645,0.625731158,1.198672411,0.902228603,0.486813603,-1.503296134,-0.124193126,0.029062102
L,-0.965792578,0.644719602,2.560250306,2.269508021,1.592227202,0.534376731,-0.901769959,-0.744873724,0.625731158,1.142019914,0.979300987,2.0856622,-1.261517191,0.243786507,-0.446499565
K,-0.224376054,0.184638008,-1.02772205,-1.035485325,0.134810999,-1.246879038,0.131508119,0.472476537,0.752430478,-1.558415766,-1.872377245,-0.74215211,1.34116202,1.485717772,0.081902287
M,0.399974704,0.220960239,1.926412918,2.305173417,1.592227202,1.488620892,-0.38513092,-1.588581826,0.44998694,0.943736176,1.104543612,0.367496543,-1.04818283,-0.032198218,-0.287979009
F,0.946281617,1.23798271,1.122797658,1.199546146,0.134810999,1.488620892,-0.901769959,-1.359575341,1.112093064,1.557471557,1.364662911,1.990208552,-1.489073844,0.841753412,0.293263028
P,0.087799325,1.153230837,-0.235425315,-0.310288944,-1.832700875,-1.246879038,1.164786197,0.990754371,-0.534998096,-0.415923747,-0.408001936,0.307838013,0.558936027,1.071740684,1.667107843
S,0.321930859,-1.147177132,0.002263705,-0.250846617,-0.776074128,-1.246879038,0.554212787,0.966648425,-1.299281091,-0.888027887,-0.63921909,-0.789878934,0.6016029,-0.676162577,0.71598451
T,-0.263397976,-1.147177132,-0.144877117,-0.131961965,-0.448155482,0.534376731,0.131508119,0.207311134,-0.633087893,-0.585881238,-0.581414802,-0.205225342,0.459379992,-0.446175306,1.033025621
W,1.102369307,2.000749563,-0.224106791,0.070141945,0.608471265,0.152679066,1.164786197,-1.468052097,1.990814154,1.142019914,1.509173632,1.64418908,-0.891737631,1.439720317,1.297226547
Y,0.712150083,1.068478965,-0.654210732,-0.405396666,-0.448155482,0.534376731,0.554212787,-0.081960216,1.206095785,0.273348297,0.150772852,0.403291661,-0.578847234,1.853697406,-0.605020121
V,-1.82427487,0.390463984,0.126767478,0.141472737,0.93638991,1.488620892,-1.653244925,-0.491761294,-0.06498449,0.934294093,1.06600742,0.116930718,-1.147738865,-0.860152394,-0.340819195
X,0,0,0,0,0,0,0,0,0,0,0,0,0,0,0